@FabioCosta36;#Estela40;Sun Sep 09 14:23:36 GMT-03:00 2012;NULL;
@Poli_Figueiredo;#Estela40;Sun Sep 09 14:42:27 GMT-03:00 2012;NULL;
@valjvf;Estelizabel;Sun Sep 09 15:03:37 GMT-03:00 2012;NULL;
@mylena__munike;Estelizabel;1347216898000;NULL;
@mylena__munike;Estelizabel;1347216923000;NULL;
@herbertfitipald;Estelizabel;1347217160000;NULL;
@RaffaelLima_;#Estela40;1347218091000;NULL;
@RaffaelLima_;#Estela40;1347218191000;NULL;
@isaacroosevelt;#Estela40;1347219236000;NULL;
@RaffaelLima_;#Estela40;1347219385000;NULL;
@Ceissa_Med;#Estela40;1347219519000;NULL;
@yas_bdf;#Estela40;1347219522000;NULL;
@Ceissa_Med;#Estela40;1347219570000;NULL;
@Ceissa_Med;#Estela40;1347219599000;NULL;
@RaffaelLima_;#Estela40;1347219630000;NULL;
@RaffaelLima_;#Estela40;1347219738000;NULL;
@Ceissa_Med;#Estela40;1347219772000;NULL;
@AzazelCoutinho;Estelizabel;1347220333000;NULL;
@RaffaelLima_;#Estela40;1347220526000;NULL;
@herbertfitipald;#Estela40;1347220559000;NULL;
@lidialbu;#Estela40;1347220741000;NULL;
@lidialbu;#Estela40;1347220789000;NULL;
@Daniel1politica;Estelizabel;1347220857000;NULL;
@AzazelCoutinho;Estelizabel;1347221073000;NULL;
@herbertfitipald;Estelizabel;1347221366000;NULL;
@herbertfitipald;Estelizabel;1347221469000;NULL;
@herbertfitipald;#Estela40;1347221651000;NULL;
@W_Farias;Estelizabel;1347221705000;NULL;
@AzazelCoutinho;Estelizabel;1347221863000;NULL;
@AzazelCoutinho;Estelizabel;1347222097000;NULL;
@laylson;#Estela40;1347222104000;NULL;
@herbertfitipald;#Estela40;1347222113000;NULL;
@herbertfitipald;#Estela40;1347222131000;NULL;
@hanna_bl;Estelizabel;1347222385000;NULL;
@informe40;#Estela40;1347222424000;NULL;
@EstelAgora;#Estela40;1347222432000;NULL;
@delucca;#Estela40;1347222436000;NULL;
@EstelAgora;#Estela40;1347222446000;NULL;
@hanna_bl;#Estela40;1347222474000;NULL;
@herbertfitipald;#Estela40;1347222516000;NULL;
@laylson;#Estela40;1347222531000;NULL;
@hanna_bl;#Estela40;1347222565000;NULL;
@informe40;#Estela40;1347222611000;NULL;
@laylson;#Estela40;1347222623000;NULL;
@laylson;#Estela40;1347222643000;NULL;
@herbertfitipald;#Estela40;1347222726000;NULL;
@Juventude40JP;#Estela40;1347222744000;NULL;
@ary_junior;#Estela40;1347222756000;NULL;
@clickmonteiro;Estelizabel;1347222756000;NULL;
@mariconserva;#Estela40;1347222923000;NULL;
@hanna_bl;#Estela40;1347223289000;NULL;
@mariogomesfilho;#Estela40;1347223311000;NULL;
@mariogomesfilho;#Estela40;1347223333000;NULL;
@ELVISREI;#Estela40;1347223436000;NULL;
@mariogomesfilho;#Estela40;1347223511000;NULL;
@ary_junior;#Estela40;1347223576000;NULL;
@mariogomesfilho;#Estela40;1347223932000;NULL;
@robertdore;#Estela40;1347224631000;NULL;
@mariogomesfilho;#Estela40;1347224668000;NULL;
@Ceissa_Med;#Estela40;1347224705000;NULL;
@ELVISREI;#Estela40;1347224741000;NULL;
@FatocaAraujo;#Estela40;1347224999000;NULL;
@ZonaSulJP;#Estela40;1347225774000;NULL;
@rivalopes;#Estela40;1347225774000;NULL;
@calourada_unipe;#Estela40;1347225775000;NULL;
@JPedroRibeiro1;#Estela40;1347225776000;NULL;
@JOAOBFPEREIRA;#Estela40;1347225777000;NULL;
@rifadosformando;#Estela40;1347225777000;NULL;
@JOAOBFPEREIRA;#Estela40;1347226117000;NULL;
@FabioFena;Estelizabel;1347227722000;NULL;
@joao_pessoa;Estelizabel;1347227908000;NULL;
@ZonaSulJP;Estelizabel;1347228091000;NULL;
@rivalopes;Estelizabel;1347228091000;NULL;
@rifadosformando;Estelizabel;1347228092000;NULL;
@calourada_unipe;Estelizabel;1347228093000;NULL;
@JPedroRibeiro1;Estelizabel;1347228093000;NULL;
@JOAOBFPEREIRA;Estelizabel;1347228094000;NULL;
@RaffaelLima_;Estelizabel;1347228095000;NULL;
@laysenayane;Estelizabel;1347228255000;NULL;
@FeliipeSanntos;Estelizabel;1347229124000;NULL;
@DenisPV43;Estelizabel;1347229374000;NULL;
@joaoeduardomelo;#Estela40;1347229685000;NULL;
@maiaabelardo;#Estela40;1347230106000;NULL;
@robertdore;#Estela40;1347230131000;NULL;
@flavio_tei;#Estela40;1347230164000;NULL;
@Jeremiasjl;#Estela40;1347285048000;NULL;
@hanna_bl;Estelizabel;1347285070000;NULL;
@Juventude40JP;Estelizabel;1347286687000;NULL;
@informe40;#Estela40;1347286764000;NULL;
@hanna_bl;#Estela40;1347286778000;NULL;
@dirleyrl;Estelizabel;1347286926000;NULL;
@dirleyrl;#Estela40;1347286935000;NULL;
@informe40;#Estela40;1347287096000;NULL;
@RicacioCruz;#Estela40;1347290856000;NULL;
@palmeiracamila;#Estela40;1347290933000;NULL;
@rayomiranda;#Estela40;1347291048000;NULL;
@lmascolo;#Estela40;1347291070000;NULL;
@informe40;#Estela40;1347291097000;NULL;
@AndressaLimaJP;Estelizabel;1347291131000;NULL;
@AndressaLimaJP;#Estela40;1347291170000;NULL;
@lidialbu;#Estela40;1347291174000;NULL;
@lidialbu;Estelizabel;1347291203000;NULL;
@Jeremiasjl;#Estela40;1347291204000;NULL;
@lidialbu;#Estela40;1347291214000;NULL;
@lidialbu;#Estela40;1347291216000;NULL;
@palmeiracamila;#Estela40;1347291278000;NULL;
@NNataliaMelo;#Estela40;1347291294000;NULL;
@neziagomes;#Estela40;1347291296000;NULL;
@Poli_Figueiredo;#Estela40;1347291298000;NULL;
@oRAPAquerVoltar;#Estela40;1347291360000;NULL;
@denisemiranda_;#Estela40;1347291361000;NULL;
@Mari_EP;#Estela40;1347291377000;NULL;
@laylson;#Estela40;1347291389000;NULL;
@Juventude40JP;#Estela40;1347291399000;NULL;
@daniellimap;#Estela40;1347291444000;NULL;
@palmeiracamila;#Estela40;1347291447000;NULL;
@murilomussumago;Estelizabel;1347291455000;NULL;
@palmeiracamila;Estelizabel;1347291461000;NULL;
@daniellimap;#Estela40;1347291465000;NULL;
@franci_jp;#Estela40;1347291511000;NULL;
@franci_jp;#Estela40;1347291518000;NULL;
@CeissaMed;#Estela40;1347291529000;NULL;
@denisemiranda_;#Estela40;1347291569000;NULL;
@AndressaLimaJP;#Estela40;1347291608000;NULL;
@neziagomes;Estelizabel;1347291734000;NULL;
@jamilrichene;#Estela40;1347291750000;NULL;
@Juventude40JP;#Estela40;1347291795000;NULL;
@Juventude40JP;#Estela40;1347291812000;NULL;
@jamilrichene;#Estela40;1347291839000;NULL;
@Jeremiasjl;#Estela40;1347291880000;NULL;
@luciano_sdoia;#Estela40;1347291898000;NULL;
@luciano_sdoia;#Estela40;1347291913000;NULL;
@laylson;#Estela40;1347291931000;NULL;
@murilomussumago;Estelizabel;1347291937000;NULL;
@denisemiranda_;Estelizabel;1347291954000;NULL;
@jamilrichene;#Estela40;1347291960000;NULL;
@victormpaiva;Estelizabel;1347291961000;NULL;
@EstelAgora;#Estela40;1347291995000;NULL;
@marceloweick;#Estela40;1347292009000;NULL;
@VozDaParaiba;Estelizabel;1347292014000;NULL;
@palmeiracamila;Estelizabel;1347292038000;NULL;
@agesantana;Estelizabel;1347292038000;NULL;
@neziagomes;#Estela40;1347292053000;NULL;
@laylson;Estelizabel;1347292056000;NULL;
@victormpaiva;Estelizabel;1347292067000;NULL;
@marceloweick;Estelizabel;1347292080000;NULL;
@romulogondim;Estelizabel;1347292088000;NULL;
@LeydianeS;Estelizabel;1347292094000;NULL;
@EugenioFDias;Estelizabel;1347292098000;NULL;
@francinaldocb;Estelizabel;1347292098000;NULL;
@lmascolo;Estelizabel;1347292126000;NULL;
@bradsoncamelo;Estelizabel;1347292136000;NULL;
@Adautojr12;Estelizabel;1347292157000;NULL;
@andreia_barros;Estelizabel;1347292165000;NULL;
@Jeremiasjl;#Estela40;1347292179000;NULL;
@Juventude40JP;Estelizabel;1347292183000;NULL;
@denisemiranda_;#Estela40;1347292189000;NULL;
@RafaelaIsmael;#Estela40;1347292201000;NULL;
@marceloweick;Estelizabel;1347292212000;NULL;
@bradsoncamelo;Estelizabel;1347292292000;NULL;
@flaviomoreirajp;Estelizabel;1347292295000;NULL;
@Juventude40JP;Estelizabel;1347292347000;NULL;
@AdautoBrito;Estelizabel;1347292352000;NULL;
@Jeremiasjl;#Estela40;1347292353000;NULL;
@palmeiracamila;#Estela40;1347292358000;NULL;
@franci_jp;#Estela40;1347292368000;NULL;
@murilomussumago;Estelizabel;1347292369000;NULL;
@marceloweick;#Estela40;1347292396000;NULL;
@bradsoncamelo;Estelizabel;1347292491000;NULL;
@murilomussumago;Estelizabel;1347292506000;NULL;
@informe40;#Estela40;1347292520000;NULL;
@informe40;#Estela40;1347292526000;NULL;
@franci_jp;#Estela40;1347292532000;NULL;
@JDEMJP;#Estela40;1347292539000;NULL;
@marceloweick;#Estela40;1347292543000;NULL;
@marceloweick;#Estela40;1347292549000;NULL;
@agesantana;#Estela40;1347292556000;NULL;
@Juventude40JP;#Estela40;1347292565000;NULL;
@Jeremiasjl;#Estela40;1347292576000;NULL;
@Jeremiasjl;#Estela40;1347292610000;NULL;
@bradsoncamelo;Estelizabel;1347292622000;NULL;
@jurandirmiranda;Estelizabel;1347363816000;NULL;
@informe40;#Estela40;1347364036000;NULL;
@iaggopinheiro;Estelizabel;1347364106000;NULL;
@informe40;#Estela40;1347364702000;NULL;
@murilomussumago;#Estela40;1347364720000;NULL;
@camillelunaa;#Estela40;1347364857000;NULL;
@informe40;#Estela40;1347366200000;NULL;
@peninhaaraujo;Estelizabel;1347366923000;NULL;
@portalcaldeirao;Estelizabel;1347367184000;NULL;
@blogheldermoura;Estelizabel;1347367294000;NULL;
@eldersalmoura;Estelizabel;1347367953000;NULL;
@informe40;Estelizabel;1347368246000;NULL;
@informe40;Estelizabel;1347369689000;NULL;
@mylena__munike;Estelizabel;1347369725000;NULL;
@CrisL;Estelizabel;1347369816000;NULL;
@correio_newspb1;Estelizabel;1347369840000;NULL;
@HiltinhoSM;Estelizabel;1347369859000;NULL;
@informe40;#Estela40;1347370780000;NULL;
@informe40;#Estela40;1347370898000;NULL;
@informe40;#Estela40;1347370925000;NULL;
@FernandoJoseCab;#Estela40;1347371166000;NULL;
@flaviomenezespb;Estelizabel;1347371171000;NULL;
@flaviomenezespb;Estelizabel;1347371305000;NULL;
@flaviomenezespb;#Estela40;1347371315000;NULL;
@flaviomenezespb;#Estela40;1347371327000;NULL;
@flaviomenezespb;#Estela40;1347371355000;NULL;
@flaviomenezespb;#Estela40;1347371382000;NULL;
@flaviomenezespb;#Estela40;1347371482000;NULL;
@flaviomenezespb;Estelizabel;1347371565000;NULL;
@flaviomenezespb;#Estela40;1347371615000;NULL;
@flaviomenezespb;#Estela40;1347371628000;NULL;
@flaviomenezespb;#Estela40;1347371707000;NULL;
@informe40;#Estela40;1347372231000;NULL;
@Tuxe_oficial;Estelizabel;1347372257000;NULL;
@flaviomenezespb;Estelizabel;1347372521000;NULL;
@FelipeFerSilva;Estelizabel;1347373229000;NULL;
@FatocaAraujo;Estelizabel;1347373529000;NULL;
@FatocaAraujo;Estelizabel;1347373593000;NULL;
@informe40;#Estela40;1347374004000;NULL;
@informe40;Estelizabel;1347374243000;NULL;
@adrianac100;#Estela40;1347374303000;NULL;
@MatutuPB;Estelizabel;1347375530000;NULL;
@D0_BEM;Estelizabel;1347375650000;NULL;
@D0_BEM;Estelizabel;1347375755000;NULL;
@D0_BEM;Estelizabel;1347375932000;NULL;
@D0_BEM;Estelizabel;1347376028000;NULL;
@D0_BEM;Estelizabel;1347376133000;NULL;
@FernandoJoseCab;Estelizabel;1347376596000;NULL;
@neziagomes;Estelizabel;1347376775000;NULL;
@agesantana;Estelizabel;1347377054000;NULL;
@Aurimarg;Estelizabel;1347377694000;NULL;
@Ceissa_Med;#Estela40;1347378562000;NULL;
@informe40;#Estela40;1347378802000;NULL;
@adrianac100;#Estela40;1347379051000;NULL;
@RaffaelLima_;#Estela40;1347379164000;NULL;
@percival_henriq;Estelizabel;1347379221000;NULL;
@RaffaelLima_;#Estela40;1347379280000;NULL;
@VozDaParaiba;#Estela40;1347380244000;NULL;
@Juventude40JP;Estelizabel;1347381772000;NULL;
@JorinhoToscano;#Estela40;1347382424000;NULL;
@informe40;#Estela40;1347383547000;NULL;
@NegamanuCosta;#Estela40;1347383603000;NULL;
@informe40;#Estela40;1347384854000;NULL;
@adrianac100;#Estela40;1347385013000;NULL;
@JorinhoToscano;#Estela40;1347385089000;NULL;
@Ceissa_Med;#Estela40;1347385213000;NULL;
@euvoumaiscomela;#Estela40;1347385389000;NULL;
@informe40;#Estela40;1347385697000;NULL;
@CulturaTec;#Estela40;1347386060000;NULL;
@JorinhoToscano;#Estela40;1347386563000;NULL;
@InformeBira;#Estela40;1347386589000;NULL;
@CulturaTec;#Estela40;1347387029000;NULL;
@Juventude40JP;#Estela40;1347387680000;NULL;
@Juventude40JP;#Estela40;1347387795000;NULL;
@lidialbu;#Estela40;1347392522000;NULL;
@neziagomes;#Estela40;1347392538000;NULL;
@LeydianeS;#Estela40;1347392654000;NULL;
@Juventude40JP;#Estela40;1347393133000;NULL;
@VozDaParaiba;#Estela40;1347395359000;NULL;
@sireporter;#Estela40;1347395376000;NULL;
@allexdande;#Estela40;1347395406000;NULL;
@rodrigolimajp;#Estela40;1347395473000;NULL;
@allexdande;#Estela40;1347395531000;NULL;
@Juventude40JP;#Estela40;1347395703000;NULL;
@JorinhoToscano;#Estela40;1347395951000;NULL;
@herbertfitipald;#Estela40;1347395990000;NULL;
@ary_junior;#Estela40;1347396072000;NULL;
@brunamarsicano;#Estela40;1347396306000;NULL;
@FernandoLopeu;#Estela40;1347396334000;NULL;
@VozDaParaiba;Estelizabel;1347396626000;NULL;
@AnisinhoMaia13;Estelizabel;1347396986000;NULL;
@VozDaParaiba;#Estela40;1347397011000;NULL;
@AlyssonAlc;#Estela40;1347397035000;NULL;
@guibotafogopb;#Estela40;1347397135000;NULL;
@brunamarsicano;#Estela40;1347397223000;NULL;
@VOTOCICERO45;Estelizabel;1347397899000;NULL;
@Juventude40JP;#Estela40;1347398133000;NULL;
@Juventude40JP;Estelizabel;1347399319000;NULL;
@janduhy;Estelizabel;1347399493000;NULL;
@JorinhoToscano;Estelizabel;1347399575000;NULL;
@izael_junior;#Estela40;1347399596000;NULL;
@Poli_Figueiredo;Estelizabel;1347400125000;NULL;
@Juventude40JP;#Estela40;1347400523000;NULL;
@caiiosousa_;#Estela40;1347400590000;NULL;
@Ceissa_Med;Estelizabel;1347400979000;NULL;
@informe40;#Estela40;1347401827000;NULL;
@herbertfitipald;#Estela40;1347401994000;NULL;
@wscom;Estelizabel;1347402897000;NULL;
@wscom;Estelizabel;1347402961000;NULL;
@informe40;#Estela40;1347403127000;NULL;
@edermaia;#Estela40;1347403520000;NULL;
@SMarrocos40400;#Estela40;1347403853000;NULL;
@informe40;#Estela40;1347403866000;NULL;
@Juventude40JP;#Estela40;1347404103000;NULL;
@Jeremiasjl;#Estela40;1347404155000;NULL;
@Othongama_;#Estela40;1347404451000;NULL;
@Voto_40;Estelizabel;1347405016000;NULL;
@Voto_40;#Estela40;1347405047000;NULL;
@RaffaelLima_;#Estela40;1347405704000;NULL;
@adalfulgencio;Estelizabel;1347405811000;NULL;
@igorathayde;Estelizabel;1347406037000;NULL;
@lidialbu;Estelizabel;1347406248000;NULL;
@_aurea;#Estela40;1347406344000;NULL;
@brunamarsicano;#Estela40;1347406646000;NULL;
@olucascampos;Estelizabel;1347407303000;NULL;
@percival_henriq;Estelizabel;1347407740000;NULL;
@percival_henriq;Estelizabel;1347407930000;NULL;
@fredpitanga;Estelizabel;1347408080000;NULL;
@informe40;#Estela40;1347408153000;NULL;
@marceloweick;#Estela40;1347408176000;NULL;
@robertdore;#Estela40;1347408217000;NULL;
@angelikaanjo;Estelizabel;1347408219000;NULL;
@LeydianeS;#Estela40;1347408265000;NULL;
@jailsonfarma;#Estela40;1347408275000;NULL;
@caiiosousa_;#Estela40;1347408302000;NULL;
@Juventude40JP;#Estela40;1347408303000;NULL;
@marceloweick;#Estela40;1347408333000;NULL;
@jailsonfarma;#Estela40;1347408383000;NULL;
@lidialbu;#Estela40;1347408386000;NULL;
@yas_bdf;#Estela40;1347408408000;NULL;
@luciano_sdoia;#Estela40;1347408528000;NULL;
@TatyCarvalho1;#Estela40;1347408545000;NULL;
@_aurea;#Estela40;1347408692000;NULL;
@jailsonfarma;#Estela40;1347408743000;NULL;
@laylson;#Estela40;1347409338000;NULL;
@Psirosa2;Estelizabel;1347409569000;NULL;
@laylson;#Estela40;1347409570000;NULL;
@ary_junior;#Estela40;1347409618000;NULL;
@laylson;#Estela40;1347409622000;NULL;
@ary_junior;#Estela40;1347409667000;NULL;
@PAMELA_BORIO;#Estela40;1347409686000;NULL;
@_aurea;#Estela40;1347409708000;NULL;
@Juventude40JP;#Estela40;1347409816000;NULL;
@yas_bdf;#Estela40;1347409982000;NULL;
@BarbosaoPSD;#Estela40;1347410014000;NULL;
@queiroz83;#Estela40;1347410063000;NULL;
@yas_bdf;#Estela40;1347410085000;NULL;
@hanna_bl;Estelizabel;1347410101000;NULL;
@informe40;#Estela40;1347410127000;NULL;
@lidialbu;#Estela40;1347410133000;NULL;
@hanna_bl;Estelizabel;1347410142000;NULL;
@laylson;#Estela40;1347410153000;NULL;
@lidialbu;Estelizabel;1347410167000;NULL;
@Poli_Figueiredo;#Estela40;1347410202000;NULL;
@TatyCarvalho1;#Estela40;1347410214000;NULL;
@lellah_teixeira;#Estela40;1347410218000;NULL;
@RafaelaIsmael;#Estela40;1347410219000;NULL;
@yas_bdf;#Estela40;1347410334000;NULL;
@JeaneRodrigues;#Estela40;1347410360000;NULL;
@informe40;#Estela40;1347410398000;NULL;
@informe40;#Estela40;1347410435000;NULL;
@yonahcarvalho;#Estela40;1347410466000;NULL;
@ary_junior;#Estela40;1347410509000;NULL;
@Abimadabe;#Estela40;1347410547000;NULL;
@lourivalpjunior;Estelizabel;1347410552000;NULL;
@laylson;Estelizabel;1347410558000;NULL;
@Abimadabe;#Estela40;1347410576000;NULL;
@PAMELA_BORIO;#Estela40;1347410578000;NULL;
@RafaelaIsmael;Estelizabel;1347410592000;NULL;
@flaviotavares_;Estelizabel;1347410694000;NULL;
@informe40;#Estela40;1347410695000;NULL;
@hanna_bl;#Estela40;1347410733000;NULL;
@lidialbu;#Estela40;1347410754000;NULL;
@TatyCarvalho1;#Estela40;1347410780000;NULL;
@informe40;#Estela40;1347410787000;NULL;
@ary_junior;#Estela40;1347410794000;NULL;
@lidialbu;#Estela40;1347410797000;NULL;
@lidialbu;Estelizabel;1347410814000;NULL;
@Jeremiasjl;#Estela40;1347410834000;NULL;
@herbertfitipald;#Estela40;1347410843000;NULL;
@Poli_Figueiredo;#Estela40;1347410877000;NULL;
@KNeumanO;Estelizabel;1347410893000;NULL;
@laylson;#Estela40;1347410937000;NULL;
@informe40;#Estela40;1347410944000;NULL;
@informe40;#Estela40;1347410949000;NULL;
@JeaneRodrigues;#Estela40;1347410991000;NULL;
@TatyCarvalho1;#Estela40;1347411027000;NULL;
@informe40;#Estela40;1347411029000;NULL;
@Luciano_R;#Estela40;1347411039000;NULL;
@Gybraiana;#Estela40;1347411047000;NULL;
@yas_bdf;#Estela40;1347411071000;NULL;
@informe40;#Estela40;1347411096000;NULL;
@FCaldeira1;#Estela40;1347411140000;NULL;
@lidialbu;#Estela40;1347411154000;NULL;
@Psirosa2;#Estela40;1347411168000;NULL;
@TatyCarvalho1;#Estela40;1347411206000;NULL;
@informe40;#Estela40;1347411245000;NULL;
@Gybraiana;#Estela40;1347411251000;NULL;
@barboza_marco;Estelizabel;1347411352000;NULL;
@ary_junior;#Estela40;1347411390000;NULL;
@JeaneRodrigues;#Estela40;1347411426000;NULL;
@TatyCarvalho1;#Estela40;1347411483000;NULL;
@_maristelapv43;Estelizabel;1347411499000;NULL;
@informe40;#Estela40;1347411554000;NULL;
@lourivalpjunior;#Estela40;1347411565000;NULL;
@and_medeiros;Estelizabel;1347411578000;NULL;
@informe40;Estelizabel;1347411581000;NULL;
@laylson;#Estela40;1347411633000;NULL;
@ary_junior;#Estela40;1347411648000;NULL;
@lourivalpjunior;Estelizabel;1347411652000;NULL;
@laylson;Estelizabel;1347411663000;NULL;
@yonahcarvalho;Estelizabel;1347411710000;NULL;
@informe40;Estelizabel;1347411712000;NULL;
@yas_bdf;Estelizabel;1347411716000;NULL;
@lourivalpjunior;Estelizabel;1347411724000;NULL;
@JoaozinhoCospeF;Estelizabel;1347411746000;NULL;
@silvonetto;#Estela40;1347411757000;NULL;
@informe40;#Estela40;1347411846000;NULL;
@Poli_Figueiredo;#Estela40;1347411870000;NULL;
@PAMELA_BORIO;#Estela40;1347411972000;NULL;
@palmeiracamila;Estelizabel;1347411999000;NULL;
@fabiarl;#Estela40;1347412063000;NULL;
@ary_junior;#Estela40;1347412071000;NULL;
@ElibertoCorts;#Estela40;1347412138000;NULL;
@yas_bdf;#Estela40;1347412196000;NULL;
@barboza_marco;Estelizabel;1347412205000;NULL;
@informe40;Estelizabel;1347412340000;NULL;
@RafaelaIsmael;Estelizabel;1347412361000;NULL;
@fabiarl;#Estela40;1347412399000;NULL;
@manoel_mneto;Estelizabel;1347412450000;NULL;
@flavio_tei;#Estela40;1347412458000;NULL;
@laylson;#Estela40;1347412484000;NULL;
@Flaviasletraas;Estelizabel;1347412634000;NULL;
@laylson;Estelizabel;1347412708000;NULL;
@queiroz83;Estelizabel;1347412755000;NULL;
@Abimadabe;Estelizabel;1347412773000;NULL;
@flavio_tei;#Estela40;1347412801000;NULL;
@Abimadabe;#Estela40;1347412802000;NULL;
@ary_junior;#Estela40;1347412807000;NULL;
@lourivalpjunior;Estelizabel;1347412832000;NULL;
@luciano_sdoia;#Estela40;1347412832000;NULL;
@herbertfitipald;#Estela40;1347412854000;NULL;
@laylson;Estelizabel;1347412883000;NULL;
@queiroz83;Estelizabel;1347412902000;NULL;
@yonahcarvalho;Estelizabel;1347412921000;NULL;
@queiroz83;Estelizabel;1347412939000;NULL;
@yas_bdf;Estelizabel;1347412941000;NULL;
@mokmedeiros;#Estela40;1347412945000;NULL;
@Abimadabe;Estelizabel;1347412959000;NULL;
@tudoempax;Estelizabel;1347412965000;NULL;
@queiroz83;Estelizabel;1347412986000;NULL;
@Abimadabe;Estelizabel;1347412990000;NULL;
@manoel_mneto;#Estela40;1347413006000;NULL;
@Abimadabe;Estelizabel;1347413008000;NULL;
@anders_on;Estelizabel;1347413017000;NULL;
@queiroz83;Estelizabel;1347413023000;NULL;
@laylson;#Estela40;1347413042000;NULL;
@manoel_mneto;#Estela40;1347413058000;NULL;
@luciano_sdoia;#Estela40;1347413069000;NULL;
@RicacioCruz;Estelizabel;1347413096000;NULL;
@Poli_Figueiredo;#Estela40;1347413108000;NULL;
@claudiocostapb;#Estela40;1347413112000;NULL;
@queiroz83;Estelizabel;1347413118000;NULL;
@Veronica_Prof;Estelizabel;1347413154000;NULL;
@palmeiracamila;#Estela40;1347413162000;NULL;
@claudiocostapb;#Estela40;1347413230000;NULL;
@mariliamff;Estelizabel;1347413304000;NULL;
@Ada_Guimaraes;Estelizabel;1347413389000;NULL;
@Flaviasletraas;Estelizabel;1347413394000;NULL;
@GlaucoSSales;Estelizabel;1347413421000;NULL;
@tudoempax;Estelizabel;1347413429000;NULL;
@yas_bdf;#Estela40;1347413435000;NULL;
@Ada_Guimaraes;#Estela40;1347413459000;NULL;
@Abimadabe;#Estela40;1347413470000;NULL;
@ary_junior;Estelizabel;1347413485000;NULL;
@ary_junior;Estelizabel;1347413506000;NULL;
@claudiocostapb;#Estela40;1347413521000;NULL;
@Luciano_R;#Estela40;1347413555000;NULL;
@jailsonfarma;#Estela40;1347413559000;NULL;
@laylson;#Estela40;1347413561000;NULL;
@lourivalpjunior;#Estela40;1347413576000;NULL;
@dirleyrl;#Estela40;1347413600000;NULL;
@queiroz83;Estelizabel;1347413609000;NULL;
@PAMELA_BORIO;Estelizabel;1347413617000;NULL;
@queiroz83;#Estela40;1347413624000;NULL;
@murilomussumago;Estelizabel;1347413633000;NULL;
@Abimadabe;#Estela40;1347413636000;NULL;
@ary_junior;Estelizabel;1347413659000;NULL;
@murilomussumago;Estelizabel;1347413671000;NULL;
@queiroz83;Estelizabel;1347413678000;NULL;
@Ada_Guimaraes;Estelizabel;1347413715000;NULL;
@jailsonfarma;#Estela40;1347413723000;NULL;
@Psirosa2;Estelizabel;1347413768000;NULL;
@Poli_Figueiredo;#Estela40;1347413770000;NULL;
@queiroz83;Estelizabel;1347413777000;NULL;
@jailsonfarma;Estelizabel;1347413797000;NULL;
@jurandirmiranda;#Estela40;1347413889000;NULL;
@ary_junior;Estelizabel;1347413936000;NULL;
@laylson;#Estela40;1347414129000;NULL;
@jurandirmiranda;Estelizabel;1347414585000;NULL;
@informe40;Estelizabel;1347414634000;NULL;
@queiroz83;Estelizabel;1347414664000;NULL;
@TatyCarvalho1;Estelizabel;1347414666000;NULL;
@informe40;#Estela40;1347414708000;NULL;
@lidialbu;#Estela40;1347414729000;NULL;
@Veronica_Prof;Estelizabel;1347414775000;NULL;
@Poli_Figueiredo;#Estela40;1347414779000;NULL;
@queiroz83;#Estela40;1347414810000;NULL;
@TatyCarvalho1;#Estela40;1347414980000;NULL;
@Poli_Figueiredo;Estelizabel;1347415006000;NULL;
@Flaviasletraas;Estelizabel;1347415009000;NULL;
@marcospile;#Estela40;1347415107000;NULL;
@Rodrig_Fonseca;Estelizabel;1347415132000;NULL;
@jamilrichene;#Estela40;1347415234000;NULL;
@informe40;Estelizabel;1347415258000;NULL;
@jamilrichene;#Estela40;1347415333000;NULL;
@lidialbu;Estelizabel;1347415335000;NULL;
@lidialbu;#Estela40;1347415349000;NULL;
@queiroz83;#Estela40;1347415352000;NULL;
@ManoelV80996652;Estelizabel;1347415352000;NULL;
@queiroz83;Estelizabel;1347415356000;NULL;
@queiroz83;#Estela40;1347415411000;NULL;
@barboza_marco;Estelizabel;1347415422000;NULL;
@lourivalpjunior;Estelizabel;1347415427000;NULL;
@ary_junior;Estelizabel;1347415453000;NULL;
@yonahcarvalho;#Estela40;1347415454000;NULL;
@queiroz83;Estelizabel;1347415469000;NULL;
@queiroz83;Estelizabel;1347415487000;NULL;
@queiroz83;#Estela40;1347415491000;NULL;
@brasileirosr;Estelizabel;1347415508000;NULL;
@Waldirporfirio;Estelizabel;1347415541000;NULL;
@jamilrichene;#Estela40;1347415547000;NULL;
@informe40;Estelizabel;1347415562000;NULL;
@TatyCarvalho1;Estelizabel;1347415574000;NULL;
@Rodrig_Fonseca;Estelizabel;1347415579000;NULL;
@PauloMirandaS;Estelizabel;1347415586000;NULL;
@Poli_Figueiredo;#Estela40;1347415593000;NULL;
@lourivalpjunior;Estelizabel;1347415600000;NULL;
@lidialbu;Estelizabel;1347415611000;NULL;
@queiroz83;#Estela40;1347415614000;NULL;
@lidialbu;#Estela40;1347415616000;NULL;
@queiroz83;Estelizabel;1347415618000;NULL;
@lidialbu;Estelizabel;1347415620000;NULL;
@informe40;#Estela40;1347415647000;NULL;
@queiroz83;Estelizabel;1347415657000;NULL;
@lidialbu;Estelizabel;1347415668000;NULL;
@realboscofilho;Estelizabel;1347415704000;NULL;
@realboscofilho;Estelizabel;1347415764000;NULL;
@informe40;#Estela40;1347415846000;NULL;
@Poli_Figueiredo;Estelizabel;1347415883000;NULL;
@JeaneRodrigues;#Estela40;1347415895000;NULL;
@informe40;Estelizabel;1347416004000;NULL;
@Poli_Figueiredo;#Estela40;1347416007000;NULL;
@ouvidoriapeople;Estelizabel;1347416092000;NULL;
@ouvidoriapeople;Estelizabel;1347416156000;NULL;
@Poli_Figueiredo;#Estela40;1347416173000;NULL;
@marcospile;#Estela40;1347416448000;NULL;
@Waldirporfirio;Estelizabel;1347416688000;NULL;
@lidialbu;Estelizabel;1347416820000;NULL;
@PAMELA_BORIO;#Estela40;1347416951000;NULL;
@informe40;#Estela40;1347416975000;NULL;
@PAMELA_BORIO;Estelizabel;1347417139000;NULL;
@juliozinga;Estelizabel;1347417368000;NULL;
@Poli_Figueiredo;#Estela40;1347417448000;NULL;
@Poli_Figueiredo;Estelizabel;1347417514000;NULL;
@ouvidoriapeople;Estelizabel;1347418355000;NULL;
@delucca;#Estela40;1347418928000;NULL;
@delucca;#Estela40;1347419001000;NULL;
@fabiocbernardo;#Estela40;1347421508000;NULL;
@mventurafatima;Estelizabel;1347422824000;NULL;
@mventurafatima;#Estela40;1347422841000;NULL;
@_aurea;Estelizabel;1347432128000;NULL;
@Ceissa_Med;Estelizabel;1347439537000;NULL;
@DaanMedeiros;Estelizabel;1347441659000;NULL;
@D0_BEM;Estelizabel;1347445978000;NULL;
@Poli_Figueiredo;Estelizabel;1347446220000;NULL;
@VozDaParaiba;#Estela40;1347448100000;NULL;
@RangelJuniorJP;#Estela40;1347448144000;NULL;
@brunamarsicano;#Estela40;1347448233000;NULL;
@milenaharper;#Estela40;1347449100000;NULL;
@Poli_Figueiredo;#Estela40;1347449502000;NULL;
@cleiajp;#Estela40;1347449550000;NULL;
@Apsm_PTPb;#Estela40;1347449573000;NULL;
@RayaraFigueired;Estelizabel;1347450355000;NULL;
@Othongama_;#Estela40;1347450605000;NULL;
@AlexNazare;#Estela40;1347450677000;NULL;
@mariogomesfilho;#Estela40;1347569258000;NULL;
@Ceissa_Med;#Estela40;1347570033000;NULL;
@moreira_ricardo;#Estela40;1347570465000;NULL;
@mariogomesfilho;#Estela40;1347570470000;NULL;
@Ceissa_Med;#Estela40;1347570610000;NULL;
@informe40;#Estela40;1347571811000;NULL;
@adrianac100;#Estela40;1347572044000;NULL;
@informe40;#Estela40;1347572110000;NULL;
@Tuxe_oficial;Estelizabel;1347572703000;NULL;
@informe40;#Estela40;1347572710000;NULL;
@guibotafogopb;Estelizabel;1347572746000;NULL;
@moreira_ricardo;#Estela40;1347573505000;NULL;
@informe40;#Estela40;1347573611000;NULL;
@jailsonfarma;#Estela40;1347573683000;NULL;
@informe40;#Estela40;1347574250000;NULL;
@Ceissa_Med;#Estela40;1347574272000;NULL;
@informe40;#Estela40;1347574870000;NULL;
@Juventude40JP;#Estela40;1347575742000;NULL;
@informe40;#Estela40;1347575820000;NULL;
@informe40;#Estela40;1347576010000;NULL;
@herbertfitipald;#Estela40;1347576025000;NULL;
@flaviotavares_;#Estela40;1347576062000;NULL;
@dirleyrl;#Estela40;1347576597000;NULL;
@delucca;#Estela40;1347577093000;NULL;
@delucca;#Estela40;1347577132000;NULL;
@delucca;#Estela40;1347577180000;NULL;
@informe40;#Estela40;1347577213000;NULL;
@marcospile;Estelizabel;1347577249000;NULL;
@moreira_ricardo;#Estela40;1347577382000;NULL;
@moreira_ricardo;#Estela40;1347577397000;NULL;
@fabiocbernardo;Estelizabel;1347577520000;NULL;
@matheusccq;Estelizabel;1347577567000;NULL;
@marcospile;#Estela40;1347577577000;NULL;
@fabiocbernardo;Estelizabel;1347577595000;NULL;
@Ceissa_Med;Estelizabel;1347577596000;NULL;
@thiagortmedeiro;#Estela40;1347578029000;NULL;
@flaviomenezespb;#Estela40;1347578234000;NULL;
@flaviomenezespb;#Estela40;1347578305000;NULL;
@informe40;#Estela40;1347578410000;NULL;
@PAMELA_BORIO;#Estela40;1347578784000;NULL;
@PAMELA_BORIO;#Estela40;1347578807000;NULL;
@ary_junior;#Estela40;1347579594000;NULL;
@marcospile;#Estela40;1347579606000;NULL;
@informe40;#Estela40;1347579611000;NULL;
@tietanobre;#Estela40;1347579620000;NULL;
@ary_junior;#Estela40;1347579661000;NULL;
@tietanobre;#Estela40;1347579824000;NULL;
@tietanobre;#Estela40;1347579964000;NULL;
@tietanobre;#Estela40;1347580078000;NULL;
@tietanobre;#Estela40;1347580216000;NULL;
@tietanobre;#Estela40;1347580431000;NULL;
@marcospile;#Estela40;1347580562000;NULL;
@tietanobre;#Estela40;1347580617000;NULL;
@tietanobre;#Estela40;1347580663000;NULL;
@PAMELA_BORIO;#Estela40;1347580773000;NULL;
@Voto_40;#Estela40;1347580783000;NULL;
@informe40;#Estela40;1347580810000;NULL;
@tietanobre;Estelizabel;1347580864000;NULL;
@PAMELA_BORIO;Estelizabel;1347580911000;NULL;
@tietanobre;#Estela40;1347580938000;NULL;
@Voto_40;#Estela40;1347580959000;NULL;
@tietanobre;Estelizabel;1347580967000;NULL;
@moreira_ricardo;#Estela40;1347580999000;NULL;
@moreira_ricardo;#Estela40;1347581002000;NULL;
@klebercamelo;Estelizabel;1347581055000;NULL;
@tietanobre;#Estela40;1347581074000;NULL;
@tietanobre;#Estela40;1347581096000;NULL;
@tietanobre;#Estela40;1347581131000;NULL;
@Voto_40;#Estela40;1347581156000;NULL;
@tietanobre;#Estela40;1347581229000;NULL;
@ulissesjornalpb;#Estela40;1347581280000;NULL;
@ulissesjornalpb;#Estela40;1347581302000;NULL;
@hanna_bl;#Estela40;1347581446000;NULL;
@drisocia;#Estela40;1347581845000;NULL;
@drisocia;#Estela40;1347581855000;NULL;
@informe40;#Estela40;1347582010000;NULL;
@Gonzagapb;#Estela40;1347582217000;NULL;
@informe40;#Estela40;1347582337000;NULL;
@nildolacerda;Estelizabel;1347582338000;NULL;
@caiiosousa_;#Estela40;1347582425000;NULL;
@moreira_ricardo;#Estela40;1347582457000;NULL;
@informe40;#Estela40;1347583210000;NULL;
@informe40;#Estela40;1347583427000;NULL;
@Carolin_albu;Estelizabel;1347583875000;NULL;
@Rodrig_Fonseca;Estelizabel;1347584193000;NULL;
@moreira_ricardo;#Estela40;1347584587000;NULL;
@RicacioCruz;#Estela40;1347584690000;NULL;
@candyferraz;Estelizabel;1347586049000;NULL;
@candyferraz;Estelizabel;1347586052000;NULL;
@informe40;#Estela40;1347586208000;NULL;
@hyldinho;#Estela40;1347586905000;NULL;
@delucca;#Estela40;1347587005000;NULL;
@RaffaelLima_;#Estela40;1347587170000;NULL;
@moreira_ricardo;Estelizabel;1347587641000;NULL;
@informe40;#Estela40;1347588722000;NULL;
@FatocaAraujo;#Estela40;1347589122000;NULL;
@FatocaAraujo;#Estela40;1347589140000;NULL;
@FatocaAraujo;#Estela40;1347589661000;NULL;
@D0_BEM;Estelizabel;1347589724000;NULL;
@D0_BEM;Estelizabel;1347589844000;NULL;
@ouvidoriapeople;Estelizabel;1347590244000;NULL;
@brunamarsicano;#Estela40;1347590721000;NULL;
@AugustaMariz;#Estela40;1347591300000;NULL;
@juliozinga;#Estela40;1347591927000;NULL;
@AlexGGPimentel;#Estela40;1347592043000;NULL;
@RaffaelLima_;#Estela40;1347592079000;NULL;
@Aracoeli2;#Estela40;1347593342000;NULL;
@JoaoPeretto;Estelizabel;1347594277000;NULL;
@daniellimap;#Estela40;1347596001000;NULL;
@RobertaVasconc;#Estela40;1347597956000;NULL;
@JorinhoToscano;#Estela40;1347598725000;NULL;
@EstelAgora;#Estela40;1347611059000;NULL;
@EstelAgora;#Estela40;1347611063000;NULL;
@Jairofelix;Estelizabel;1347620096000;NULL;
@informe40;#Estela40;1347621311000;NULL;
@jorginhojampa;#Estela40;1347621803000;NULL;
@Poli_Figueiredo;#Estela40;1347622274000;NULL;
@informe40;#Estela40;1347622495000;NULL;
@informe40;#Estela40;1347625276000;NULL;
@palmeiracamila;#Estela40;1347625939000;NULL;
@adrianac100;#Estela40;1347626850000;NULL;
@informe40;#Estela40;1347627320000;NULL;
@hanna_bl;#Estela40;1347627373000;NULL;
@LeoBezerra55123;#Estela40;1347627421000;NULL;
@LuisGoes_;#Estela40;1347627599000;NULL;
@Poli_Figueiredo;#Estela40;1347627686000;NULL;
@Poli_Figueiredo;#Estela40;1347627689000;NULL;
@eduardomacedopb;Estelizabel;1347627725000;GeoLocation{latitude=-7.10355063, longitude=-34.837778};
@alekmaracaja;#Estela40;1347627772000;NULL;
@informe40;#Estela40;1347628036000;NULL;
@lidialbu;#Estela40;1347628195000;NULL;
@Jairofelix;Estelizabel;1347628232000;NULL;
@lidialbu;Estelizabel;1347628257000;NULL;
@murilomussumago;Estelizabel;1347628279000;NULL;
@guilhermejlf;Estelizabel;1347628355000;NULL;
@lidialbu;#Estela40;1347628369000;NULL;
@alekmaracaja;Estelizabel;1347628395000;NULL;
@lmascolo;#Estela40;1347628456000;NULL;
@Bosco_Bosquinho;#Estela40;1347628456000;NULL;
@Neto_Barbosa_;#Estela40;1347628476000;NULL;
@murilomussumago;Estelizabel;1347628544000;NULL;
@Voto_40;#Estela40;1347628604000;NULL;
@alekmaracaja;#Estela40;1347628683000;NULL;
@TatiPimentel_;#Estela40;1347628724000;NULL;
@alamorocha;#Estela40;1347628794000;NULL;
@oRAPAquerVoltar;#Estela40;1347628810000;NULL;
@alamorocha;#Estela40;1347628855000;NULL;
@alamorocha;#Estela40;1347628885000;NULL;
@alamorocha;#Estela40;1347628933000;NULL;
@alamorocha;#Estela40;1347628952000;NULL;
@palmeiracamila;#Estela40;1347629044000;NULL;
@Xerxes_Gouveia;Estelizabel;1347629080000;NULL;
@palmeiracamila;#Estela40;1347629082000;NULL;
@lidialbu;#Estela40;1347629126000;NULL;
@efraimfilho;#Estela40;1347629133000;NULL;
@palmeiracamila;#Estela40;1347629145000;NULL;
@lidialbu;#Estela40;1347629209000;NULL;
@efraimfilho;#Estela40;1347629232000;NULL;
@ailtonservo;Estelizabel;1347629236000;NULL;
@palmeiracamila;#Estela40;1347629237000;NULL;
@Xerxes_Gouveia;Estelizabel;1347629256000;NULL;
@efraimfilho;#Estela40;1347629397000;NULL;
@jamilrichene;#Estela40;1347629705000;NULL;
@informe40;#Estela40;1347629790000;NULL;
@murilomussumago;Estelizabel;1347629878000;NULL;
@Bosco_Bosquinho;Estelizabel;1347629901000;NULL;
@candyferraz;Estelizabel;1347629978000;NULL;
@lidialbu;#Estela40;1347629979000;NULL;
@well_pereira;#Estela40;1347630045000;NULL;
@lourivalpjunior;Estelizabel;1347630058000;NULL;
@alamorocha;#Estela40;1347630061000;NULL;
@lourivalpjunior;#Estela40;1347630079000;NULL;
@Jairofelix;Estelizabel;1347630082000;NULL;
@alamorocha;#Estela40;1347630095000;NULL;
@candyferraz;Estelizabel;1347630111000;NULL;
@Voto_40;Estelizabel;1347630126000;NULL;
@aadysson;Estelizabel;1347630140000;NULL;
@zazoeira;#Estela40;1347630141000;NULL;
@lidialbu;Estelizabel;1347630148000;NULL;
@moreira_ricardo;#Estela40;1347630152000;NULL;
@jamilrichene;#Estela40;1347630179000;NULL;
@alamorocha;#Estela40;1347630268000;NULL;
@TatiPimentel_;#Estela40;1347630284000;NULL;
@JorinhoToscano;#Estela40;1347630384000;NULL;
@moreira_ricardo;#Estela40;1347630395000;NULL;
@JorinhoToscano;Estelizabel;1347630459000;NULL;
@informe40;#Estela40;1347630469000;NULL;
@Bosco_Bosquinho;#Estela40;1347630502000;NULL;
@jamilrichene;#Estela40;1347630555000;NULL;
@jamilrichene;#Estela40;1347630589000;NULL;
@thomasfreitas;#Estela40;1347630596000;NULL;
@jamilrichene;#Estela40;1347630630000;NULL;
@hanna_bl;#Estela40;1347630851000;NULL;
@VozDaParaiba;#Estela40;1347630854000;NULL;
@AugustaMariz;#Estela40;1347630883000;NULL;
@palmeiracamila;#Estela40;1347630888000;NULL;
@EugenioFDias;#Estela40;1347630891000;NULL;
@RangelJuniorJP;#Estela40;1347630891000;NULL;
@ThiagoPiresrrt;#Estela40;1347630919000;NULL;
@jamilrichene;#Estela40;1347630973000;NULL;
@informe40;#Estela40;1347631012000;NULL;
@jamilrichene;#Estela40;1347631019000;NULL;
@adrianac100;#Estela40;1347631033000;NULL;
@Bosco_Bosquinho;#Estela40;1347631049000;NULL;
@informe40;#Estela40;1347631180000;NULL;
@Ronaldo_SJP;#Estela40;1347631186000;NULL;
@JorinhoToscano;#Estela40;1347631226000;NULL;
@palmeiracamila;#Estela40;1347631258000;NULL;
@hanna_bl;#Estela40;1347631276000;NULL;
@VozDaParaiba;#Estela40;1347631421000;NULL;
@AugustaMariz;#Estela40;1347631450000;NULL;
@lourivalpjunior;#Estela40;1347631506000;NULL;
@VozDaParaiba;#Estela40;1347631520000;NULL;
@allexdande;#Estela40;1347631586000;NULL;
@TatiPimentel_;#Estela40;1347631587000;NULL;
@AugustaMariz;#Estela40;1347631607000;NULL;
@Voto_40;#Estela40;1347631659000;NULL;
@Mari_EP;#Estela40;1347631685000;NULL;
@VozDaParaiba;#Estela40;1347631715000;NULL;
@cleiajp;#Estela40;1347631786000;NULL;
@JorinhoToscano;#Estela40;1347631792000;NULL;
@lidialbu;#Estela40;1347631814000;NULL;
@JorinhoToscano;#Estela40;1347631839000;NULL;
@lidialbu;#Estela40;1347631906000;NULL;
@JorinhoToscano;#Estela40;1347631927000;NULL;
@VozDaParaiba;#Estela40;1347631949000;NULL;
@AndressaLimaJP;#Estela40;1347631953000;NULL;
@informe40;#Estela40;1347631979000;NULL;
@Ricardo_Jampa;#Estela40;1347631985000;NULL;
@Ricardo_Jampa;#Estela40;1347631998000;NULL;
@VozDaParaiba;#Estela40;1347632232000;NULL;
@lidialbu;#Estela40;1347632282000;NULL;
@JonathanCNunes;#Estela40;1347632297000;NULL;
@informe40;#Estela40;1347632322000;NULL;
@JorinhoToscano;#Estela40;1347632325000;NULL;
@TatiPimentel_;#Estela40;1347632381000;NULL;
@kalinavt;#Estela40;1347632382000;NULL;
@Voto_40;#Estela40;1347632394000;NULL;
@JeaneRodrigues;#Estela40;1347632397000;NULL;
@JorinhoToscano;#Estela40;1347632439000;NULL;
@JorinhoToscano;#Estela40;1347632469000;NULL;
@VozDaParaiba;#Estela40;1347632519000;NULL;
@VozDaParaiba;#Estela40;1347632577000;NULL;
@Ricardo_Jampa;#Estela40;1347632601000;NULL;
@Ricardo_Jampa;#Estela40;1347632618000;NULL;
@RangelJuniorJP;#Estela40;1347632630000;NULL;
@Ricardo_Jampa;#Estela40;1347632633000;NULL;
@gufoshii;#Estela40;1347632649000;NULL;
@RangelJuniorJP;#Estela40;1347632659000;NULL;
@Voto_40;#Estela40;1347632679000;NULL;
@VozDaParaiba;#Estela40;1347632715000;NULL;
@BitchToxic;#Estela40;1347632755000;NULL;
@Apsm_PTPb;#Estela40;1347632785000;NULL;
@Voto_40;#Estela40;1347632798000;NULL;
@AugustaMariz;#Estela40;1347632798000;NULL;
@Ricardo_Jampa;#Estela40;1347632835000;NULL;
@ary_junior;#Estela40;1347632846000;NULL;
@Ricardo_Jampa;#Estela40;1347632858000;NULL;
@Apsm_PTPb;#Estela40;1347632913000;NULL;
@JorinhoToscano;#Estela40;1347632931000;NULL;
@amfioravante;#Estela40;1347632983000;NULL;
@amfioravante;#Estela40;1347633032000;NULL;
@cellycelani;Estelizabel;1347633098000;NULL;
@Voto_40;#Estela40;1347633199000;NULL;
@JorinhoToscano;#Estela40;1347633295000;NULL;
@AndressaLimaJP;#Estela40;1347633419000;NULL;
@palmeiracamila;#Estela40;1347633470000;NULL;
@yuridcarvalho;Estelizabel;1347633490000;NULL;
@JorinhoToscano;#Estela40;1347633516000;NULL;
@informe40;#Estela40;1347633677000;NULL;
@gufoshii;#Estela40;1347633760000;NULL;
@JorinhoToscano;#Estela40;1347633762000;NULL;
@CleRodriguesjp;#Estela40;1347633798000;NULL;
@karlyndamelo;#Estela40;1347633880000;NULL;
@renatamdomingos;Estelizabel;1347633916000;NULL;
@renatamdomingos;Estelizabel;1347633953000;NULL;
@ary_junior;#Estela40;1347634024000;NULL;
@renatamdomingos;Estelizabel;1347634223000;NULL;
@alekmaracaja;#Estela40;1347634257000;NULL;
@Jeremiasjl;#Estela40;1347634300000;NULL;
@TatyCarvalho1;#Estela40;1347634300000;NULL;
@VozDaParaiba;#Estela40;1347634352000;NULL;
@lidialbu;#Estela40;1347634382000;NULL;
@allexdande;#Estela40;1347634385000;NULL;
@will_jampa;#Estela40;1347634429000;NULL;
@denisemiranda_;#Estela40;1347634435000;NULL;
@JuhRRamalho;#Estela40;1347634465000;NULL;
@VozDaParaiba;#Estela40;1347634513000;NULL;
@JorinhoToscano;#Estela40;1347634537000;NULL;
@eriziannep;#Estela40;1347634586000;NULL;
@suenia_barbosa;#Estela40;1347634609000;NULL;
@allexdande;#Estela40;1347634733000;NULL;
@RaffaelLima_;#Estela40;1347634778000;NULL;
@SBinforma;Estelizabel;1347634863000;NULL;
@RaffaelLima_;#Estela40;1347635082000;NULL;
@RaffaelLima_;#Estela40;1347635258000;NULL;
@informe40;#Estela40;1347635273000;NULL;
@lidialbu;#Estela40;1347635290000;NULL;
@VozDaParaiba;#Estela40;1347635373000;NULL;
@JorinhoToscano;#Estela40;1347635414000;NULL;
@Diegomacielms;#Estela40;1347635448000;NULL;
@hanna_bl;#Estela40;1347635607000;NULL;
@Macale_PB;#Estela40;1347635609000;NULL;
@informe40;#Estela40;1347635611000;NULL;
@lidialbu;#Estela40;1347635620000;NULL;
@palmeiracamila;#Estela40;1347635679000;NULL;
@palmeiracamila;#Estela40;1347635683000;NULL;
@murilomussumago;#Estela40;1347635685000;NULL;
@agesantana;#Estela40;1347635688000;NULL;
@JorinhoToscano;#Estela40;1347635711000;NULL;
@nedludd25;#Estela40;1347635712000;NULL;
@AndressaLimaJP;#Estela40;1347635723000;NULL;
@karlyndamelo;#Estela40;1347635764000;NULL;
@JorinhoToscano;#Estela40;1347635774000;NULL;
@informe40;#Estela40;1347635792000;NULL;
@Jeremiasjl;#Estela40;1347635846000;NULL;
@palmeiracamila;#Estela40;1347635864000;NULL;
@lidialbu;#Estela40;1347635894000;NULL;
@JorinhoToscano;#Estela40;1347635918000;NULL;
@laylson;#Estela40;1347635926000;NULL;
@laylson;#Estela40;1347635931000;NULL;
@maria_santosjp;#Estela40;1347635973000;NULL;
@VozDaParaiba;#Estela40;1347636000000;NULL;
@maria_santosjp;#Estela40;1347636044000;NULL;
@allexdande;#Estela40;1347636066000;NULL;
@hyldinho;#Estela40;1347636067000;NULL;
@informe40;#Estela40;1347636111000;NULL;
@VozDaParaiba;#Estela40;1347636121000;NULL;
@agesantana;#Estela40;1347636137000;NULL;
@gustavobranda18;#Estela40;1347636169000;NULL;
@EstelAgora;#Estela40;1347636191000;NULL;
@allexdande;#Estela40;1347636203000;NULL;
@informe40;#Estela40;1347636214000;NULL;
@agesantana;#Estela40;1347636223000;NULL;
@Xetass;#Estela40;1347636276000;NULL;
@EstelAgora;#Estela40;1347636293000;NULL;
@EstelAgora;#Estela40;1347636305000;NULL;
@VozDaParaiba;#Estela40;1347636404000;NULL;
@fabriciounipe;Estelizabel;1347636540000;NULL;
@Ricardo_Jampa;#Estela40;1347636557000;NULL;
@ArturForrozeiro;#Estela40;1347636561000;NULL;
@Ricardo_Jampa;#Estela40;1347636606000;NULL;
@PoteFernandes;#Estela40;1347636672000;NULL;
@ZeLimeiriando;Estelizabel;1347636733000;NULL;
@VozDaParaiba;#Estela40;1347636771000;NULL;
@EstelAgora;Estelizabel;1347637123000;NULL;
@delucca;Estelizabel;1347637197000;NULL;
@Jeremiasjl;#Estela40;1347637309000;NULL;
@TaynaSouto;#Estela40;1347637459000;NULL;
@VozDaParaiba;#Estela40;1347637579000;NULL;
@RafaelaIsmael;#Estela40;1347637591000;NULL;
@RafaelaIsmael;#Estela40;1347637656000;NULL;
@RaffaelLima_;#Estela40;1347637678000;NULL;
@CeissaMed;#Estela40;1347637721000;NULL;
@palmeiracamila;#Estela40;1347637723000;NULL;
@lmascolo;#Estela40;1347637735000;NULL;
@lidialbu;#Estela40;1347637741000;NULL;
@RaffaelLima_;#Estela40;1347637767000;NULL;
@RaffaelLima_;#Estela40;1347637855000;NULL;
@RaffaelLima_;#Estela40;1347637874000;NULL;
@informe40;#Estela40;1347637902000;NULL;
@RaffaelLima_;#Estela40;1347637934000;NULL;
@lidialbu;#Estela40;1347638150000;NULL;
@RaffaelLima_;#Estela40;1347638170000;NULL;
@mayaramalho;#Estela40;1347639102000;NULL;
@mayaramalho;#Estela40;1347639150000;NULL;
@laylson;#Estela40;1347639208000;NULL;
@yas_bdf;#Estela40;1347639253000;NULL;
@Jeremiasjl;#Estela40;1347639424000;NULL;
@yas_bdf;#Estela40;1347639504000;NULL;
@tietanobre;#Estela40;1347639762000;NULL;
@tietanobre;#Estela40;1347639821000;NULL;
@tietanobre;#Estela40;1347639907000;NULL;
@DonDavidSoares;Estelizabel;1347639952000;NULL;
@tietanobre;#Estela40;1347639975000;NULL;
@Jeremiasjl;#Estela40;1347640008000;NULL;
@informe40;#Estela40;1347641025000;NULL;
@cartaxo;Estelizabel;1347642435000;NULL;
@informe40;#Estela40;1347642617000;NULL;
